iR,iG,iB,i目詰,i目粗,i薄,i厚,i軽,i重,i柔,i堅,iツル,iザラ,i模様,bR,bG,bB,b目詰,b目粗,b薄,b厚,b軽,b重,b柔,b堅,bツル,bザラ,b模様
0.30980392156862746,0.2568627450980392,0.2901960784313726,0.0,1.0,0.5,0.5,0.0,0.5,0.5,0.5,0.5,0.0,6.0,0.20196078431372547,0.2686274509803922,0.3784313725490196,0.5,0.0,0.5,0.0,0.0,0.5,0.0,0.5,0.5,0.5,0.0
0.2560224089635854,0.3098039215686274,0.3747899159663865,1.0,-1.3877787807814457e-17,1.0,-1.3877787807814457e-17,1.0,-1.3877787807814457e-17,1.0,-1.3877787807814457e-17,1.0,0.0,0.0,0.3680672268907563,0.33501400560224087,0.32717086834733894,1.0,-6.938893903907228e-18,1.0,-6.938893903907228e-18,0.2857142857142857,0.8571428571428572,0.14285714285714285,0.8571428571428571,1.0,-6.938893903907228e-18,0.0
0.3941176470588236,0.36274509803921573,0.3392156862745098,0.5,0.0,1.0,0.0,1.0,0.0,1.0,0.0,0.5,0.0,0.0,0.48823529411764705,0.5117647058823529,0.5254901960784314,0.0,0.5,1.0,0.0,1.0,0.0,0.5,0.0,0.5,0.0,5.0
0.31699346405228757,0.3568627450980392,0.4169934640522876,0.16666666666666669,-1.3877787807814457e-17,0.6666666666666666,-1.3877787807814457e-17,0.16666666666666669,0.16666666666666666,0.33333333333333337,0.16666666666666666,0.33333333333333337,0.33333333333333337,0.0,0.4803921568627451,0.4588235294117647,0.45359477124183006,0.33333333333333337,-6.938893903907228e-18,0.33333333333333337,-6.938893903907228e-18,0.16666666666666669,0.0,0.6666666666666666,0.16666666666666666,0.6666666666666666,-6.938893903907228e-18,0.0
0.5129411764705882,0.5019607843137255,0.527843137254902,0.2,0.0,0.8,0.19999999999999996,0.4,0.0,0.4,0.0,0.2,0.2,3.2,0.3396078431372549,0.3247058823529412,0.33333333333333337,0.2,0.0,0.2,0.20000000000000007,0.2,0.0,0.6,0.19999999999999998,0.4,0.0,5.551115123125783e-17
