iR,iG,iB,i目詰,i目粗,i薄,i厚,i軽,i重,i柔,i堅,iツル,iザラ,i模様,bR,bG,bB,b目詰,b目粗,b薄,b厚,b軽,b重,b柔,b堅,bツル,bザラ,b模様
0.4111111111111111,0.4178649237472767,0.4398692810457516,0.11111111111111113,-2.7755575615628914e-17,0.611111111111111,-6.938893903907228e-18,0.611111111111111,-6.938893903907228e-18,0.2777777777777778,0.2222222222222222,0.3888888888888889,0.16666666666666663,0.05555555555555536,0.3457516339869281,0.34553376906318084,0.35947712418300654,0.38888888888888895,0.05555555555555555,0.11111111111111119,-3.469446951953614e-18,0.16666666666666666,-5.551115123125783e-17,0.33333333333333326,0.22222222222222224,0.3888888888888889,0.2222222222222222,-2.220446049250313e-16
0.6711484593837536,0.5781512605042016,0.5714285714285714,0.14285714285714285,0.0,0.8571428571428571,0.0,0.8571428571428571,0.0,0.7142857142857143,0.14285714285714285,0.28571428571428575,1.3877787807814457e-17,0.4285714285714286,0.3630252100840336,0.3574229691876751,0.3495798319327731,0.0,0.2857142857142857,0.2857142857142857,0.0,0.5714285714285714,0.0,0.42857142857142855,0.0,0.1428571428571429,0.7142857142857142,5.7142857142857135
0.546524064171123,0.5105169340463458,0.5190730837789661,0.09090909090909091,0.18181818181818177,0.4545454545454545,0.1818181818181818,0.4545454545454545,0.09090909090909088,0.6363636363636364,0.18181818181818182,0.18181818181818185,0.09090909090909091,4.818181818181818,0.2520499108734403,0.2716577540106952,0.31051693404634584,0.36363636363636365,-1.3877787807814457e-17,0.18181818181818182,0.0909090909090909,0.2727272727272727,0.09090909090909091,0.18181818181818177,0.2727272727272727,0.09090909090909094,0.36363636363636365,1.1102230246251565e-16
0.41699346405228754,0.37712418300653594,0.36928104575163395,0.16666666666666669,0.16666666666666663,0.6666666666666666,0.0,0.6666666666666666,0.0,0.33333333333333337,0.0,0.1666666666666667,0.16666666666666669,2.833333333333333,0.4431372549019608,0.4019607843137255,0.37712418300653594,0.5,0.0,0.16666666666666666,0.0,0.3333333333333333,0.0,0.3333333333333333,0.16666666666666669,0.5,0.0,1.1102230246251565e-16
0.2377450980392157,0.2950980392156863,0.3691176470588235,1.0,0.0,1.0,0.0,0.875,0.12499999999999997,1.0,0.0,1.0,1.3877787807814457e-17,-2.220446049250313e-16,0.43970588235294117,0.4102941176470588,0.4019607843137255,1.0,0.0,1.0,0.0,0.375,0.7500000000000001,0.24999999999999997,0.7499999999999999,1.0,0.0,1.1102230246251565e-16
